student_id,composition_id,essay_type,word_count,sentence_count,paragraph_count,fluency_score_human,correctness_score_human,composite_score_human,proficiency_level,gender,age,assessment_phase,prompt_id,submission_date,text_content
S001,C001,descriptive,375,24,4,7.2,6.8,7.0,upper-intermediate,male,19,pre-test,P001,2024-01-15,"My academic goals and career aspirations are deeply rooted in my passion for economics and sustainable development. As an undergraduate student pursuing a degree in Economics, I envision myself contributing to policy-making processes that can address global economic challenges. My primary academic goal is to maintain a high GPA while developing strong analytical and research skills. I plan to specialize in development economics, focusing on how economic policies can reduce poverty and promote sustainable growth in developing countries like Pakistan. After completing my bachelor's degree, I intend to pursue a master's degree in Economics from a prestigious international university. This advanced education will provide me with the theoretical knowledge and practical skills necessary to analyze complex economic phenomena. My career aspiration is to work with international organizations such as the World Bank or International Monetary Fund, where I can contribute to designing and implementing economic policies that promote global prosperity. Additionally, I hope to eventually return to Pakistan to work in the government sector, helping to formulate economic policies that can improve the living standards of our people. Through dedication, continuous learning, and practical experience, I believe I can achieve these goals and make a meaningful impact on society."
S001,C002,comparative,382,26,4,7.5,7.1,7.3,upper-intermediate,male,19,mid-test,P002,2024-02-15,"Traditional and online learning methods each offer distinct advantages and disadvantages that significantly impact student educational experiences. Traditional classroom learning provides direct face-to-face interaction between students and instructors, fostering immediate feedback and clarification of complex concepts. Students benefit from real-time discussions, collaborative group work, and the structured environment that promotes discipline and focus. The physical presence of peers creates a social learning atmosphere that enhances motivation and engagement. However, traditional learning is constrained by geographical limitations, fixed schedules, and limited access to diverse resources. Online learning, conversely, offers unprecedented flexibility and accessibility, allowing students to learn at their own pace and schedule. Digital platforms provide access to vast educational resources, multimedia content, and global expertise that may not be available locally. Students can review recorded lectures multiple times and access materials from anywhere with internet connectivity. Nevertheless, online learning faces challenges including reduced social interaction, potential technical difficulties, and the need for strong self-discipline and time management skills. The lack of immediate feedback and hands-on practical experiences can also hinder learning effectiveness. In conclusion, both methods have unique strengths, and the optimal approach may involve combining elements of both traditional and online learning to maximize educational outcomes."
S001,C003,analytical,378,25,4,7.8,7.4,7.6,upper-intermediate,male,19,post-test,P003,2024-03-15,"Technology has fundamentally transformed human communication patterns, creating both opportunities and challenges in how we connect and interact with one another. The proliferation of digital communication platforms, including social media, instant messaging, and video conferencing, has revolutionized the speed and reach of human interaction. People can now communicate instantly across vast geographical distances, maintaining relationships and conducting business in ways previously impossible. Social media platforms have democratized information sharing, enabling individuals to broadcast their thoughts and experiences to global audiences. However, this technological revolution has also introduced significant concerns about the quality and authenticity of human communication. Digital communication often lacks the nuanced emotional cues present in face-to-face interactions, potentially leading to misunderstandings and superficial relationships. The constant connectivity enabled by smartphones and social media has created an expectation of immediate responses, contributing to increased stress and anxiety. Furthermore, the prevalence of online communication has been associated with decreased face-to-face social skills, particularly among younger generations. The phenomenon of cyberbullying and online harassment represents a dark side of digital communication that can have serious psychological consequences. Despite these challenges, technology has also enhanced communication accessibility for individuals with disabilities and has facilitated global collaboration in education, research, and business. The key lies in finding a balanced approach that leverages technology's benefits while preserving the essential human elements of meaningful communication."
S002,C004,descriptive,368,23,4,6.8,6.5,6.65,intermediate,female,18,pre-test,P001,2024-01-15,"My academic goals and career aspirations center around becoming a successful economist who can contribute to Pakistan's economic development. Currently studying Economics at university, I am passionate about understanding how economic principles can be applied to solve real-world problems. My immediate academic goal is to excel in my coursework, particularly in subjects like macroeconomics, econometrics, and development economics. I want to develop strong analytical skills and learn to use statistical softwares for economic research. After completing my undergraduate degree, I plan to pursue higher education, possibly a master's degree in Economics or a related field. I am particularly interested in studying abroad to gain international exposure and learn about different economic systems. My career aspiration is to work in the banking sector or with government economic planning departments. I believe that through proper economic policies, we can address issues like unemployment, inflation, and poverty in our country. I also hope to conduct research that can inform policy decisions and contribute to academic literature. To achieve these goals, I am committed to maintaining good grades, participating in internships, and building professional networks. I understand that success require dedication, continuous learning, and practical experience in the field of economics."
S002,C005,comparative,385,27,4,7.0,6.7,6.85,intermediate,female,18,mid-test,P002,2024-02-15,"Traditional learning and online learning represent two different approaches to education, each with its own benefits and drawbacks. In traditional classroom settings, students attend physical classes where they interact directly with teachers and classmates. This method allows for immediate questions and answers, group discussions, and hands-on activities. Students can receive instant feedback from instructors and benefit from peer learning through collaboration. The structured environment helps maintain discipline and regular study habits. Traditional learning also provides access to laboratory equipment and library resources that may not be available at home. On the other hand, online learning offers flexibility that traditional methods cannot match. Students can access course materials anytime and study at their own pace. This is particularly beneficial for working students or those with family responsibilities. Online platforms often provide multimedia content, interactive simulations, and access to global experts through recorded lectures. However, online learning requires strong self-motivation and time management skills. Technical problems can disrupt learning, and the lack of face-to-face interaction may lead to feelings of isolation. Some subjects, particularly those requiring practical work, is difficult to teach effectively online. Both methods have evolved significantly, and many institutions now use blended approaches that combine the best aspects of traditional and online learning to provide comprehensive educational experiences."
S002,C006,analytical,371,24,4,7.2,6.9,7.05,intermediate,female,18,post-test,P003,2024-03-15,"The impact of technology on communication has been profound and multifaceted, reshaping how humans interact in both positive and negative ways. Modern communication technologies, including smartphones, social media platforms, and instant messaging applications, have made it possible for people to connect across vast distances instantaneously. This has strengthened relationships between family members and friends who live far apart and has facilitated global business communications. Social media has created new forms of community building, allowing people with shared interests to connect regardless of geographical boundaries. However, the widespread adoption of digital communication has also created several challenges. Many people now prefer texting or messaging over face-to-face conversations, which can lead to a decline in interpersonal communication skills. The constant availability of digital communication creates pressure to respond immediately, contributing to stress and anxiety. Additionally, the informal nature of digital communication has led to a decline in formal writing skills and proper grammar usage. Cyberbullying and online harassment have become serious problems, particularly affecting young people. The spread of misinformation through social media platforms has also become a significant concern. Despite these challenges, technology has made communication more accessible for people with disabilities and has enabled new forms of creative expression. The key is learning to use technology as a tool to enhance rather than replace meaningful human connection."
S003,C007,descriptive,392,26,4,8.1,7.7,7.9,advanced,male,20,pre-test,P001,2024-01-15,"My academic goals and career aspirations are intricately woven around my deep fascination with economic theory and its practical applications in addressing contemporary global challenges. As an Economics undergraduate, I am committed to achieving academic excellence while developing a comprehensive understanding of both microeconomic and macroeconomic principles. My primary academic objective is to graduate with distinction, demonstrating mastery of econometric analysis, mathematical modeling, and statistical interpretation. I am particularly drawn to behavioral economics and its intersection with public policy, as I believe understanding human decision-making processes is crucial for designing effective economic interventions. My long-term career aspiration is to pursue a doctoral degree in Economics, specializing in development economics with a focus on emerging markets. I envision myself conducting groundbreaking research that contributes to our understanding of economic growth patterns in developing nations. Ultimately, I aim to secure a position as a research economist with a prestigious think tank or international development organization, where I can influence policy decisions that promote sustainable economic development. I am also passionate about teaching and hope to eventually become a university professor, inspiring the next generation of economists. To achieve these ambitious goals, I am actively engaging in research projects, seeking internship opportunities with economic research institutions, and building relationships with faculty members who share my research interests."
S003,C008,comparative,389,27,4,8.3,7.9,8.1,advanced,male,20,mid-test,P002,2024-02-15,"The dichotomy between traditional and online learning methodologies represents one of the most significant educational debates of the 21st century, with each approach offering distinct pedagogical advantages and inherent limitations. Traditional classroom instruction provides an immersive learning environment characterized by synchronous interaction, immediate feedback mechanisms, and collaborative learning opportunities that foster critical thinking and intellectual discourse. The physical presence of instructors enables real-time assessment of student comprehension, allowing for adaptive teaching strategies and personalized attention. Furthermore, traditional learning environments facilitate the development of essential social skills, professional networking opportunities, and the cultivation of academic communities that extend beyond the classroom. However, traditional education is constrained by geographical limitations, rigid scheduling requirements, and resource accessibility issues that may exclude certain student populations. Conversely, online learning platforms have democratized education by eliminating geographical barriers and providing unprecedented flexibility in terms of scheduling and pace of learning. Digital learning environments offer access to diverse multimedia resources, interactive simulations, and global expertise that may not be available in traditional settings. The asynchronous nature of online learning accommodates diverse learning styles and allows students to review complex materials multiple times. Nevertheless, online education faces significant challenges including the digital divide, reduced social interaction, and the requirement for exceptional self-discipline and time management skills. The absence of immediate instructor feedback and hands-on laboratory experiences can compromise learning outcomes in certain disciplines. Ultimately, the most effective educational approach may involve a hybrid model that strategically combines the strengths of both traditional and online methodologies."
S003,C009,analytical,395,28,4,8.5,8.1,8.3,advanced,male,20,post-test,P003,2024-03-15,"The technological revolution has fundamentally transformed the landscape of human communication, creating a paradigm shift that has redefined social interaction, information dissemination, and relationship formation in the digital age. The advent of sophisticated communication technologies, including social media platforms, instant messaging applications, video conferencing systems, and mobile communication devices, has created an interconnected global community where geographical boundaries have become increasingly irrelevant. This technological transformation has democratized information sharing, enabling individuals to access diverse perspectives, participate in global conversations, and maintain relationships across vast distances with unprecedented ease and efficiency. However, this digital communication revolution has also introduced complex challenges that warrant careful examination. The prevalence of digital communication has contributed to a decline in face-to-face interaction skills, with many individuals becoming increasingly dependent on mediated communication channels. The phenomenon of continuous connectivity has created an expectation of immediate responsiveness, leading to increased stress levels and difficulty in maintaining work-life balance. Furthermore, the informal nature of digital communication has contributed to a deterioration in formal writing skills and linguistic precision. The proliferation of social media has also facilitated the rapid spread of misinformation, creating echo chambers that reinforce existing beliefs and contribute to social polarization. Cyberbullying and online harassment have emerged as serious social problems, particularly affecting vulnerable populations such as adolescents and young adults. Despite these challenges, technology has also enhanced communication accessibility for individuals with disabilities, facilitated global collaboration in research and business, and created new opportunities for creative expression and community building. The key to maximizing the benefits of technological communication lies in developing digital literacy skills and maintaining a balanced approach that preserves the essential human elements of meaningful interpersonal connection."
S004,C010,descriptive,361,22,4,5.8,5.4,5.6,intermediate,female,19,pre-test,P001,2024-01-15,"My academic goals and career aspirations is to become a economist and help my country Pakistan. I am study Economics in university and I want to learn about how economy works. My goal is to get good marks in all subjects like macroeconomics and microeconomics. I want to learn how to use computer programs for research. After I finish my degree, I want to do masters degree in Economics. I am interesting in studying in foreign country to learn about different economic systems. My career goal is to work in bank or government. I think that good economic policies can solve problems like unemployment and poverty in Pakistan. I want to do research that help government make good decisions. To achieve this goals, I will study hard and get good grades. I will also try to get internship in banks or government offices. I know that success need hard work and dedication. I believe that if I work hard, I can achieve my dreams and help my country."